"Altitude[m]","Temperature[Kelvin]","Pressure[pascal]","Density[kg/m3]","Speed of sound[m/s]","Viscosity[Pa.s]"
0,288.15,101325,1.225,340.294,0.0000181206
50,287.825,100726,1.21913,340.102,0.0000181043
100,287.5,100129,1.21328,339.91,0.0000180881
150,287.175,99536,1.20746,339.718,0.0000180718
200,286.85,98945.3,1.20165,339.526,0.0000180556
250,286.525,98357.5,1.19587,339.333,0.0000180393
300,286.2,97772.6,1.19011,339.141,0.000018023
350,285.875,97190.4,1.18436,338.948,0.0000180068
400,285.55,96611.1,1.17864,338.755,0.0000179905
450,285.225,96034.6,1.17295,338.563,0.0000179742
500,284.9,95460.8,1.16727,338.37,0.0000179579
550,284.575,94889.9,1.16161,338.177,0.0000179415
600,284.25,94321.7,1.15598,337.983,0.0000179252
650,283.925,93756.2,1.15036,337.79,0.0000179089
700,283.6,93193.6,1.14477,337.597,0.0000178925
750,283.275,92633.6,1.1392,337.403,0.0000178762
800,282.95,92076.4,1.13364,337.21,0.0000178598
850,282.625,91521.9,1.12811,337.016,0.0000178434
900,282.3,90970.1,1.1226,336.822,0.0000178271
950,281.975,90421,1.11711,336.628,0.0000178107
1000,281.65,89874.6,1.11164,336.434,0.0000177943
1050,281.325,89330.8,1.10619,336.24,0.0000177779
1100,281,88789.8,1.10077,336.046,0.0000177615
1150,280.675,88251.3,1.09536,335.851,0.000017745
1200,280.35,87715.6,1.08997,335.657,0.0000177286
1250,280.025,87182.5,1.0846,335.462,0.0000177122
1300,279.7,86651.9,1.07925,335.267,0.0000176957
1350,279.375,86124.1,1.07393,335.073,0.0000176793
1400,279.05,85598.8,1.06862,334.878,0.0000176628
1450,278.725,85076.1,1.06333,334.683,0.0000176463
1500,278.4,84556,1.05807,334.487,0.0000176298
1550,278.075,84038.5,1.05282,334.292,0.0000176133
1600,277.75,83523.5,1.04759,334.097,0.0000175968
1650,277.425,83011.1,1.04239,333.901,0.0000175803
1700,277.1,82501.3,1.0372,333.705,0.0000175638
1750,276.775,81994,1.03203,333.51,0.0000175473
1800,276.45,81489.2,1.02688,333.314,0.0000175307
1850,276.125,80987,1.02176,333.118,0.0000175142
1900,275.8,80487.2,1.01665,332.922,0.0000174976
1950,275.475,79990,1.01156,332.726,0.0000174811
2000,275.15,79495.2,1.00649,332.529,0.0000174645
2050,274.825,79002.9,1.00144,332.333,0.0000174479
2100,274.5,78513.1,0.99641,332.136,0.0000174313
2150,274.175,78025.8,0.991399,331.94,0.0000174147
2200,273.85,77540.9,0.986407,331.743,0.0000173981
2250,273.525,77058.5,0.981435,331.546,0.0000173815
2300,273.2,76578.4,0.976481,331.349,0.0000173649
2350,272.875,76100.9,0.971547,331.152,0.0000173482
2400,272.55,75625.7,0.966632,330.954,0.0000173316
2450,272.225,75152.9,0.961736,330.757,0.0000173149
2500,271.9,74682.5,0.956859,330.56,0.0000172983
2550,271.575,74214.5,0.952001,330.362,0.0000172816
2600,271.25,73748.9,0.947162,330.164,0.0000172649
2650,270.925,73285.7,0.942341,329.966,0.0000172482
2700,270.6,72824.8,0.93754,329.768,0.0000172315
2750,270.275,72366.3,0.932757,329.57,0.0000172148
2800,269.95,71910.1,0.927993,329.372,0.0000171981
2850,269.625,71456.2,0.923247,329.174,0.0000171813
2900,269.3,71004.7,0.91852,328.975,0.0000171646
2950,268.975,70555.5,0.913812,328.777,0.0000171479
3000,268.65,70108.5,0.909122,328.578,0.0000171311
3050,268.325,69663.9,0.904451,328.379,0.0000171143
3100,268,69221.6,0.899798,328.18,0.0000170976
3150,267.675,68781.5,0.895163,327.981,0.0000170808
3200,267.35,68343.7,0.890546,327.782,0.000017064
3250,267.025,67908.2,0.885948,327.583,0.0000170472
3300,266.7,67474.9,0.881368,327.383,0.0000170304
3350,266.375,67043.9,0.876806,327.184,0.0000170135
3400,266.05,66615,0.872262,326.984,0.0000169967
3450,265.725,66188.5,0.867737,326.784,0.0000169799
3500,265.4,65764.1,0.863229,326.584,0.000016963
3550,265.075,65341.9,0.858739,326.384,0.0000169462
3600,264.75,64921.9,0.854267,326.184,0.0000169293
3650,264.425,64504.2,0.849813,325.984,0.0000169124
3700,264.1,64088.6,0.845377,325.784,0.0000168955
3750,263.775,63675.1,0.840958,325.583,0.0000168786
3800,263.45,63263.9,0.836557,325.382,0.0000168617
3850,263.125,62854.7,0.832174,325.182,0.0000168448
3900,262.8,62447.8,0.827808,324.981,0.0000168279
3950,262.475,62042.9,0.82346,324.78,0.000016811
4000,262.15,61640.2,0.819129,324.579,0.000016794
4050,261.825,61239.6,0.814816,324.377,0.0000167771
4100,261.5,60841.2,0.81052,324.176,0.0000167601
4150,261.175,60444.8,0.806242,323.975,0.0000167431
4200,260.85,60050.5,0.801981,323.773,0.0000167261
4250,260.525,59658.3,0.797737,323.571,0.0000167092
4300,260.2,59268.2,0.79351,323.369,0.0000166922
4350,259.875,58880.1,0.789301,323.167,0.0000166751
4400,259.55,58494.2,0.785108,322.965,0.0000166581
4450,259.225,58110.2,0.780933,322.763,0.0000166411
4500,258.9,57728.3,0.776775,322.56,0.0000166241
4550,258.575,57348.5,0.772633,322.358,0.000016607
4600,258.25,56970.6,0.768509,322.155,0.00001659
4650,257.925,56594.8,0.764401,321.952,0.0000165729
4700,257.6,56221,0.76031,321.75,0.0000165558
4750,257.275,55849.2,0.756236,321.547,0.0000165387
4800,256.95,55479.4,0.752179,321.343,0.0000165216
4850,256.625,55111.6,0.748138,321.14,0.0000165045
4900,256.3,54745.7,0.744114,320.937,0.0000164874
4950,255.975,54381.8,0.740107,320.733,0.0000164703
5000,255.65,54019.9,0.736116,320.529,0.0000164531
5050,255.325,53659.9,0.732141,320.326,0.000016436
5100,255,53301.9,0.728183,320.122,0.0000164188
5150,254.675,52945.8,0.724242,319.918,0.0000164017
5200,254.35,52591.7,0.720317,319.713,0.0000163845
5250,254.025,52239.4,0.716408,319.509,0.0000163673
5300,253.7,51889.1,0.712515,319.305,0.0000163501
5350,253.375,51540.7,0.708638,319.1,0.0000163329
5400,253.05,51194.2,0.704778,318.895,0.0000163157
5450,252.725,50849.6,0.700934,318.691,0.0000162985
5500,252.4,50506.8,0.697106,318.486,0.0000162813
5550,252.075,50165.9,0.693294,318.28,0.000016264
5600,251.75,49826.9,0.689497,318.075,0.0000162468
5650,251.425,49489.8,0.685717,317.87,0.0000162295
5700,251.1,49154.5,0.681953,317.664,0.0000162122
5750,250.775,48821,0.678204,317.459,0.0000161949
5800,250.45,48489.4,0.674471,317.253,0.0000161777
5850,250.125,48159.6,0.670754,317.047,0.0000161604
5900,249.8,47831.6,0.667053,316.841,0.000016143
5950,249.475,47505.4,0.663367,316.635,0.0000161257
6000,249.15,47181,0.659697,316.428,0.0000161084
6050,248.825,46858.5,0.656043,316.222,0.000016091
6100,248.5,46537.7,0.652404,316.015,0.0000160737
6150,248.175,46218.7,0.64878,315.809,0.0000160563
6200,247.85,45901.4,0.645172,315.602,0.000016039
6250,247.525,45586,0.641579,315.395,0.0000160216
6300,247.2,45272.3,0.638002,315.188,0.0000160042
6350,246.875,44960.3,0.634439,314.98,0.0000159868
6400,246.55,44650.1,0.630892,314.773,0.0000159694
6450,246.225,44341.6,0.627361,314.566,0.000015952
6500,245.9,44034.8,0.623844,314.358,0.0000159345
6550,245.575,43729.8,0.620343,314.15,0.0000159171
6600,245.25,43426.5,0.616856,313.942,0.0000158996
6650,244.925,43124.9,0.613385,313.734,0.0000158822
6700,244.6,42825,0.609928,313.526,0.0000158647
6750,244.275,42526.7,0.606487,313.317,0.0000158472
6800,243.95,42230.2,0.60306,313.109,0.0000158297
6850,243.625,41935.3,0.599648,312.9,0.0000158122
6900,243.3,41642.2,0.596251,312.692,0.0000157947
6950,242.975,41350.6,0.592869,312.483,0.0000157772
7000,242.65,41060.7,0.589501,312.274,0.0000157596
7050,242.325,40772.5,0.586148,312.064,0.0000157421
7100,242,40485.9,0.58281,311.855,0.0000157245
7150,241.675,40201,0.579486,311.646,0.000015707
7200,241.35,39917.6,0.576177,311.436,0.0000156894
7250,241.025,39635.9,0.572882,311.226,0.0000156718
7300,240.7,39355.8,0.569602,311.016,0.0000156542
7350,240.375,39077.3,0.566336,310.806,0.0000156366
7400,240.05,38800.4,0.563084,310.596,0.000015619
7450,239.725,38525.1,0.559847,310.386,0.0000156014
7500,239.4,38251.4,0.556624,310.175,0.0000155837
7550,239.075,37979.3,0.553415,309.965,0.0000155661
7600,238.75,37708.7,0.55022,309.754,0.0000155484
7650,238.425,37439.7,0.547039,309.543,0.0000155308
7700,238.1,37172.2,0.543873,309.332,0.0000155131
7750,237.775,36906.3,0.540721,309.121,0.0000154954
7800,237.45,36642,0.537582,308.909,0.0000154777
7850,237.125,36379.1,0.534458,308.698,0.00001546
7900,236.8,36117.8,0.531347,308.486,0.0000154423
7950,236.475,35858.1,0.52825,308.275,0.0000154245
8000,236.15,35599.8,0.525168,308.063,0.0000154068
8050,235.825,35343.1,0.522098,307.851,0.0000153891
8100,235.5,35087.8,0.519043,307.638,0.0000153713
8150,235.175,34834,0.516001,307.426,0.0000153535
8200,234.85,34581.8,0.512973,307.214,0.0000153357
8250,234.525,34331,0.509959,307.001,0.0000153179
8300,234.2,34081.7,0.506958,306.788,0.0000153001
8350,233.875,33833.8,0.503971,306.575,0.0000152823
8400,233.55,33587.5,0.500997,306.362,0.0000152645
8450,233.225,33342.5,0.498037,306.149,0.0000152467
8500,232.9,33099,0.49509,305.935,0.0000152288
8550,232.575,32857,0.492156,305.722,0.000015211
8600,232.25,32616.4,0.489236,305.508,0.0000151931
8650,231.925,32377.2,0.486329,305.294,0.0000151752
8700,231.6,32139.5,0.483435,305.08,0.0000151573
8750,231.275,31903.1,0.480555,304.866,0.0000151394
8800,230.95,31668.2,0.477687,304.652,0.0000151215
8850,230.625,31434.7,0.474833,304.438,0.0000151036
8900,230.3,31202.6,0.471992,304.223,0.0000150857
8950,229.975,30971.8,0.469163,304.008,0.0000150677
9000,229.65,30742.5,0.466348,303.793,0.0000150498
9050,229.325,30514.5,0.463546,303.578,0.0000150318
9100,229,30287.9,0.460756,303.363,0.0000150138
9150,228.675,30062.6,0.45798,303.148,0.0000149958
9200,228.35,29838.7,0.455216,302.932,0.0000149778
9250,228.025,29616.2,0.452465,302.717,0.0000149598
9300,227.7,29395,0.449727,302.501,0.0000149418
9350,227.375,29175.2,0.447001,302.285,0.0000149238
9400,227.05,28956.7,0.444289,302.069,0.0000149058
9450,226.725,28739.5,0.441588,301.852,0.0000148877
9500,226.4,28523.6,0.438901,301.636,0.0000148696
9550,226.075,28309.1,0.436226,301.419,0.0000148516
9600,225.75,28095.8,0.433563,301.203,0.0000148335
9650,225.425,27883.9,0.430913,300.986,0.0000148154
9700,225.1,27673.2,0.428275,300.769,0.0000147973
9750,224.775,27463.9,0.425649,300.552,0.0000147792
9800,224.45,27255.8,0.423036,300.334,0.000014761
9850,224.125,27049,0.420436,300.117,0.0000147429
9900,223.8,26843.5,0.417847,299.899,0.0000147247
9950,223.475,26639.3,0.415271,299.681,0.0000147066
10000,223.15,26436.3,0.412707,299.463,0.0000146884
10050,222.825,26234.5,0.410155,299.245,0.0000146702
10100,222.5,26034,0.407615,299.027,0.000014652
10150,222.175,25834.8,0.405087,298.808,0.0000146338
10200,221.85,25636.8,0.402571,298.59,0.0000146156
10250,221.525,25440,0.400067,298.371,0.0000145974
10300,221.2,25244.5,0.397575,298.152,0.0000145792
10350,220.875,25050.1,0.395095,297.933,0.0000145609
10400,220.55,24857,0.392627,297.714,0.0000145426
10450,220.225,24665.1,0.39017,297.494,0.0000145244
10500,219.9,24474.4,0.387725,297.275,0.0000145061
10550,219.575,24284.9,0.385293,297.055,0.0000144878
10600,219.25,24096.5,0.382871,296.835,0.0000144695
10650,218.925,23909.4,0.380462,296.615,0.0000144512
10700,218.6,23723.4,0.378064,296.395,0.0000144328
10750,218.275,23538.6,0.375677,296.174,0.0000144145
10800,217.95,23355,0.373303,295.954,0.0000143962
10850,217.625,23172.5,0.370939,295.733,0.0000143778
10900,217.3,22991.2,0.368588,295.512,0.0000143594
10950,216.975,22811.1,0.366247,295.291,0.000014341
11000,216.65,22632.1,0.363918,295.07,0.0000143226
11050,216.65,22454.3,0.36106,295.07,0.0000143226
11100,216.65,22278,0.358224,295.07,0.0000143226
11150,216.65,22103,0.355411,295.07,0.0000143226
11200,216.65,21929.4,0.35262,295.07,0.0000143226
11250,216.65,21757.2,0.349851,295.07,0.0000143226
11300,216.65,21586.3,0.347103,295.07,0.0000143226
11350,216.65,21416.8,0.344377,295.07,0.0000143226
11400,216.65,21248.6,0.341673,295.07,0.0000143226
11450,216.65,21081.8,0.338989,295.07,0.0000143226
11500,216.65,20916.2,0.336327,295.07,0.0000143226
11550,216.65,20751.9,0.333686,295.07,0.0000143226
11600,216.65,20589,0.331065,295.07,0.0000143226
11650,216.65,20427.3,0.328465,295.07,0.0000143226
11700,216.65,20266.8,0.325886,295.07,0.0000143226
11750,216.65,20107.7,0.323326,295.07,0.0000143226
11800,216.65,19949.8,0.320787,295.07,0.0000143226
11850,216.65,19793.1,0.318268,295.07,0.0000143226
11900,216.65,19637.6,0.315768,295.07,0.0000143226
11950,216.65,19483.4,0.313289,295.07,0.0000143226
12000,216.65,19330.4,0.310828,295.07,0.0000143226
12050,216.65,19178.6,0.308387,295.07,0.0000143226
12100,216.65,19028,0.305965,295.07,0.0000143226
12150,216.65,18878.5,0.303562,295.07,0.0000143226
12200,216.65,18730.3,0.301178,295.07,0.0000143226
12250,216.65,18583.2,0.298813,295.07,0.0000143226
12300,216.65,18437.2,0.296466,295.07,0.0000143226
12350,216.65,18292.4,0.294138,295.07,0.0000143226
12400,216.65,18148.8,0.291828,295.07,0.0000143226
12450,216.65,18006.3,0.289536,295.07,0.0000143226
12500,216.65,17864.8,0.287262,295.07,0.0000143226
12550,216.65,17724.5,0.285006,295.07,0.0000143226
12600,216.65,17585.4,0.282768,295.07,0.0000143226
12650,216.65,17447.2,0.280547,295.07,0.0000143226
12700,216.65,17310.2,0.278344,295.07,0.0000143226
12750,216.65,17174.3,0.276158,295.07,0.0000143226
12800,216.65,17039.4,0.273989,295.07,0.0000143226
12850,216.65,16905.6,0.271838,295.07,0.0000143226
12900,216.65,16772.8,0.269703,295.07,0.0000143226
12950,216.65,16641.1,0.267585,295.07,0.0000143226
13000,216.65,16510.4,0.265483,295.07,0.0000143226
13050,216.65,16380.7,0.263398,295.07,0.0000143226
13100,216.65,16252.1,0.26133,295.07,0.0000143226
13150,216.65,16124.5,0.259277,295.07,0.0000143226
13200,216.65,15997.8,0.257241,295.07,0.0000143226
13250,216.65,15872.2,0.255221,295.07,0.0000143226
13300,216.65,15747.5,0.253217,295.07,0.0000143226
13350,216.65,15623.9,0.251228,295.07,0.0000143226
13400,216.65,15501.2,0.249255,295.07,0.0000143226
13450,216.65,15379.4,0.247297,295.07,0.0000143226
13500,216.65,15258.7,0.245355,295.07,0.0000143226
13550,216.65,15138.8,0.243428,295.07,0.0000143226
13600,216.65,15019.9,0.241517,295.07,0.0000143226
13650,216.65,14902,0.23962,295.07,0.0000143226
13700,216.65,14784.9,0.237738,295.07,0.0000143226
13750,216.65,14668.8,0.235871,295.07,0.0000143226
13800,216.65,14553.6,0.234019,295.07,0.0000143226
13850,216.65,14439.3,0.232181,295.07,0.0000143226
13900,216.65,14325.9,0.230357,295.07,0.0000143226
13950,216.65,14213.4,0.228548,295.07,0.0000143226
14000,216.65,14101.8,0.226753,295.07,0.0000143226
14050,216.65,13991.1,0.224973,295.07,0.0000143226
14100,216.65,13881.2,0.223206,295.07,0.0000143226
14150,216.65,13772.2,0.221453,295.07,0.0000143226
14200,216.65,13664,0.219714,295.07,0.0000143226
14250,216.65,13556.7,0.217988,295.07,0.0000143226
14300,216.65,13450.2,0.216276,295.07,0.0000143226
14350,216.65,13344.6,0.214578,295.07,0.0000143226
14400,216.65,13239.8,0.212893,295.07,0.0000143226
14450,216.65,13135.8,0.211221,295.07,0.0000143226
14500,216.65,13032.7,0.209562,295.07,0.0000143226
14550,216.65,12930.3,0.207916,295.07,0.0000143226
14600,216.65,12828.8,0.206283,295.07,0.0000143226
14650,216.65,12728,0.204663,295.07,0.0000143226
14700,216.65,12628.1,0.203056,295.07,0.0000143226
14750,216.65,12528.9,0.201461,295.07,0.0000143226
14800,216.65,12430.5,0.199879,295.07,0.0000143226
14850,216.65,12332.9,0.198309,295.07,0.0000143226
14900,216.65,12236,0.196752,295.07,0.0000143226
14950,216.65,12139.9,0.195207,295.07,0.0000143226
15000,216.65,12044.6,0.193674,295.07,0.0000143226
15050,216.65,11950,0.192153,295.07,0.0000143226
15100,216.65,11856.1,0.190644,295.07,0.0000143226
15150,216.65,11763,0.189146,295.07,0.0000143226
15200,216.65,11670.6,0.187661,295.07,0.0000143226
15250,216.65,11579,0.186187,295.07,0.0000143226
15300,216.65,11488.1,0.184725,295.07,0.0000143226
15350,216.65,11397.8,0.183274,295.07,0.0000143226
15400,216.65,11308.3,0.181835,295.07,0.0000143226
15450,216.65,11219.5,0.180407,295.07,0.0000143226
15500,216.65,11131.4,0.17899,295.07,0.0000143226
15550,216.65,11044,0.177584,295.07,0.0000143226
15600,216.65,10957.2,0.17619,295.07,0.0000143226
15650,216.65,10871.2,0.174806,295.07,0.0000143226
15700,216.65,10785.8,0.173433,295.07,0.0000143226
15750,216.65,10701.1,0.172071,295.07,0.0000143226
15800,216.65,10617.1,0.17072,295.07,0.0000143226
15850,216.65,10533.7,0.169379,295.07,0.0000143226
15900,216.65,10451,0.168049,295.07,0.0000143226
15950,216.65,10368.9,0.166729,295.07,0.0000143226
16000,216.65,10287.5,0.16542,295.07,0.0000143226
16050,216.65,10206.7,0.164121,295.07,0.0000143226
16100,216.65,10126.5,0.162832,295.07,0.0000143226
16150,216.65,10047,0.161553,295.07,0.0000143226
16200,216.65,9968.08,0.160284,295.07,0.0000143226
16250,216.65,9889.8,0.159025,295.07,0.0000143226
16300,216.65,9812.13,0.157777,295.07,0.0000143226
16350,216.65,9735.07,0.156538,295.07,0.0000143226
16400,216.65,9658.61,0.155308,295.07,0.0000143226
16450,216.65,9582.76,0.154088,295.07,0.0000143226
16500,216.65,9507.5,0.152878,295.07,0.0000143226
16550,216.65,9432.84,0.151678,295.07,0.0000143226
16600,216.65,9358.76,0.150487,295.07,0.0000143226
16650,216.65,9285.26,0.149305,295.07,0.0000143226
16700,216.65,9212.34,0.148132,295.07,0.0000143226
16750,216.65,9139.99,0.146969,295.07,0.0000143226
16800,216.65,9068.21,0.145815,295.07,0.0000143226
16850,216.65,8996.99,0.144669,295.07,0.0000143226
16900,216.65,8926.34,0.143533,295.07,0.0000143226
16950,216.65,8856.23,0.142406,295.07,0.0000143226
17000,216.65,8786.68,0.141288,295.07,0.0000143226
17050,216.65,8717.68,0.140178,295.07,0.0000143226
17100,216.65,8649.21,0.139077,295.07,0.0000143226
17150,216.65,8581.29,0.137985,295.07,0.0000143226
17200,216.65,8513.89,0.136901,295.07,0.0000143226
17250,216.65,8447.03,0.135826,295.07,0.0000143226
17300,216.65,8380.69,0.134759,295.07,0.0000143226
17350,216.65,8314.88,0.133701,295.07,0.0000143226
17400,216.65,8249.58,0.132651,295.07,0.0000143226
17450,216.65,8184.79,0.131609,295.07,0.0000143226
17500,216.65,8120.51,0.130576,295.07,0.0000143226
17550,216.65,8056.74,0.12955,295.07,0.0000143226
17600,216.65,7993.46,0.128533,295.07,0.0000143226
17650,216.65,7930.69,0.127524,295.07,0.0000143226
17700,216.65,7868.4,0.126522,295.07,0.0000143226
17750,216.65,7806.61,0.125528,295.07,0.0000143226
17800,216.65,7745.3,0.124543,295.07,0.0000143226
17850,216.65,7684.47,0.123564,295.07,0.0000143226
17900,216.65,7624.13,0.122594,295.07,0.0000143226
17950,216.65,7564.25,0.121631,295.07,0.0000143226
18000,216.65,7504.84,0.120676,295.07,0.0000143226
18050,216.65,7445.91,0.119728,295.07,0.0000143226
18100,216.65,7387.43,0.118788,295.07,0.0000143226
18150,216.65,7329.41,0.117855,295.07,0.0000143226
18200,216.65,7271.85,0.11693,295.07,0.0000143226
18250,216.65,7214.74,0.116011,295.07,0.0000143226
18300,216.65,7158.08,0.1151,295.07,0.0000143226
18350,216.65,7101.87,0.114196,295.07,0.0000143226
18400,216.65,7046.09,0.113299,295.07,0.0000143226
18450,216.65,6990.76,0.11241,295.07,0.0000143226
18500,216.65,6935.86,0.111527,295.07,0.0000143226
18550,216.65,6881.39,0.110651,295.07,0.0000143226
18600,216.65,6827.34,0.109782,295.07,0.0000143226
18650,216.65,6773.73,0.10892,295.07,0.0000143226
18700,216.65,6720.53,0.108064,295.07,0.0000143226
18750,216.65,6667.75,0.107216,295.07,0.0000143226
18800,216.65,6615.39,0.106374,295.07,0.0000143226
18850,216.65,6563.43,0.105538,295.07,0.0000143226
18900,216.65,6511.89,0.10471,295.07,0.0000143226
18950,216.65,6460.75,0.103887,295.07,0.0000143226
19000,216.65,6410.01,0.103071,295.07,0.0000143226
19050,216.65,6359.67,0.102262,295.07,0.0000143226
19100,216.65,6309.72,0.101459,295.07,0.0000143226
19150,216.65,6260.17,0.100662,295.07,0.0000143226
19200,216.65,6211,0.0998714,295.07,0.0000143226
19250,216.65,6162.23,0.0990871,295.07,0.0000143226
19300,216.65,6113.83,0.0983089,295.07,0.0000143226
19350,216.65,6065.82,0.0975369,295.07,0.0000143226
19400,216.65,6018.18,0.0967709,295.07,0.0000143226
19450,216.65,5970.92,0.0960109,295.07,0.0000143226
19500,216.65,5924.03,0.0952569,295.07,0.0000143226
19550,216.65,5877.5,0.0945088,295.07,0.0000143226
19600,216.65,5831.34,0.0937666,295.07,0.0000143226
19650,216.65,5785.55,0.0930302,295.07,0.0000143226
19700,216.65,5740.11,0.0922996,295.07,0.0000143226
19750,216.65,5695.03,0.0915747,295.07,0.0000143226
19800,216.65,5650.31,0.0908555,295.07,0.0000143226
19850,216.65,5605.93,0.090142,295.07,0.0000143226
19900,216.65,5561.91,0.0894341,295.07,0.0000143226
19950,216.65,5518.23,0.0887317,295.07,0.0000143226
20000,216.65,5474.89,0.0880349,295.07,0.0000143226
20050,216.7,5431.9,0.0873234,295.104,0.0000143255
20100,216.75,5389.25,0.0866179,295.138,0.0000143283
20150,216.8,5346.95,0.0859182,295.172,0.0000143311
20200,216.85,5304.99,0.0852243,295.206,0.000014334
20250,216.9,5263.38,0.0845362,295.24,0.0000143368
20300,216.95,5222.09,0.0838538,295.274,0.0000143396
20350,217,5181.14,0.0831771,295.308,0.0000143425
20400,217.05,5140.52,0.082506,295.342,0.0000143453
20450,217.1,5100.23,0.0818405,295.376,0.0000143481
20500,217.15,5060.26,0.0811804,295.41,0.0000143509
20550,217.2,5020.62,0.0805259,295.444,0.0000143538
20600,217.25,4981.29,0.0798768,295.478,0.0000143566
20650,217.3,4942.29,0.079233,295.512,0.0000143594
20700,217.35,4903.59,0.0785946,295.546,0.0000143622
20750,217.4,4865.21,0.0779615,295.58,0.0000143651
20800,217.45,4827.14,0.0773336,295.614,0.0000143679
20850,217.5,4789.37,0.0767109,295.648,0.0000143707
20900,217.55,4751.91,0.0760934,295.682,0.0000143736
20950,217.6,4714.75,0.075481,295.716,0.0000143764
21000,217.65,4677.89,0.0748737,295.75,0.0000143792
21050,217.7,4641.32,0.0742713,295.784,0.000014382
21100,217.75,4605.05,0.073674,295.818,0.0000143849
21150,217.8,4569.07,0.0730816,295.852,0.0000143877
21200,217.85,4533.38,0.0724941,295.886,0.0000143905
21250,217.9,4497.98,0.0719115,295.92,0.0000143933
21300,217.95,4462.86,0.0713336,295.954,0.0000143962
21350,218,4428.02,0.0707606,295.987,0.000014399
21400,218.05,4393.47,0.0701923,296.021,0.0000144018
21450,218.1,4359.19,0.0696286,296.055,0.0000144046
21500,218.15,4325.18,0.0690697,296.089,0.0000144074
21550,218.2,4291.45,0.0685153,296.123,0.0000144103
21600,218.25,4257.99,0.0679655,296.157,0.0000144131
21650,218.3,4224.8,0.0674203,296.191,0.0000144159
21700,218.35,4191.87,0.0668795,296.225,0.0000144187
21750,218.4,4159.21,0.0663432,296.259,0.0000144216
21800,218.45,4126.81,0.0658114,296.293,0.0000144244
21850,218.5,4094.67,0.0652839,296.327,0.0000144272
21900,218.55,4062.79,0.0647607,296.361,0.00001443
21950,218.6,4031.16,0.0642419,296.395,0.0000144328
22000,218.65,3999.79,0.0637273,296.428,0.0000144357
22050,218.7,3968.67,0.063217,296.462,0.0000144385
22100,218.75,3937.79,0.0627109,296.496,0.0000144413
22150,218.8,3907.17,0.062209,296.53,0.0000144441
22200,218.85,3876.79,0.0617111,296.564,0.0000144469
22250,218.9,3846.65,0.0612174,296.598,0.0000144498
22300,218.95,3816.75,0.0607278,296.632,0.0000144526
22350,219,3787.1,0.0602421,296.666,0.0000144554
22400,219.05,3757.68,0.0597605,296.699,0.0000144582
22450,219.1,3728.49,0.0592828,296.733,0.000014461
22500,219.15,3699.54,0.0588091,296.767,0.0000144639
22550,219.2,3670.82,0.0583392,296.801,0.0000144667
22600,219.25,3642.33,0.0578732,296.835,0.0000144695
22650,219.3,3614.06,0.057411,296.869,0.0000144723
22700,219.35,3586.03,0.0569526,296.903,0.0000144751
22750,219.4,3558.21,0.056498,296.936,0.0000144779
22800,219.45,3530.62,0.0560471,296.97,0.0000144808
22850,219.5,3503.25,0.0555999,297.004,0.0000144836
22900,219.55,3476.09,0.0551564,297.038,0.0000144864
22950,219.6,3449.16,0.0547165,297.072,0.0000144892
23000,219.65,3422.43,0.0542803,297.105,0.000014492
23050,219.7,3395.93,0.0538476,297.139,0.0000144948
23100,219.75,3369.63,0.0534184,297.173,0.0000144976
23150,219.8,3343.54,0.0529928,297.207,0.0000145005
23200,219.85,3317.66,0.0525706,297.241,0.0000145033
23250,219.9,3291.98,0.052152,297.275,0.0000145061
23300,219.95,3266.51,0.0517367,297.308,0.0000145089
23350,220,3241.25,0.0513248,297.342,0.0000145117
23400,220.05,3216.18,0.0509164,297.376,0.0000145145
23450,220.1,3191.32,0.0505112,297.41,0.0000145173
23500,220.15,3166.65,0.0501094,297.443,0.0000145202
23550,220.2,3142.17,0.0497108,297.477,0.000014523
23600,220.25,3117.9,0.0493155,297.511,0.0000145258
23650,220.3,3093.81,0.0489235,297.545,0.0000145286
23700,220.35,3069.92,0.0485346,297.579,0.0000145314
23750,220.4,3046.21,0.048149,297.612,0.0000145342
23800,220.45,3022.7,0.0477665,297.646,0.000014537
23850,220.5,2999.37,0.0473871,297.68,0.0000145398
23900,220.55,2976.23,0.0470108,297.714,0.0000145426
23950,220.6,2953.27,0.0466375,297.747,0.0000145455
24000,220.65,2930.49,0.0462674,297.781,0.0000145483
24050,220.7,2907.9,0.0459002,297.815,0.0000145511
24100,220.75,2885.48,0.045536,297.849,0.0000145539
24150,220.8,2863.24,0.0451749,297.882,0.0000145567
24200,220.85,2841.18,0.0448166,297.916,0.0000145595
24250,220.9,2819.29,0.0444613,297.95,0.0000145623
24300,220.95,2797.58,0.0441089,297.983,0.0000145651
24350,221,2776.03,0.0437593,298.017,0.0000145679
24400,221.05,2754.66,0.0434126,298.051,0.0000145707
24450,221.1,2733.46,0.0430687,298.085,0.0000145735
24500,221.15,2712.42,0.0427276,298.118,0.0000145763
24550,221.2,2691.56,0.0423893,298.152,0.0000145792
24600,221.25,2670.85,0.0420538,298.186,0.000014582
24650,221.3,2650.32,0.041721,298.219,0.0000145848
24700,221.35,2629.94,0.0413909,298.253,0.0000145876
24750,221.4,2609.73,0.0410634,298.287,0.0000145904
24800,221.45,2589.67,0.0407387,298.32,0.0000145932
24850,221.5,2569.77,0.0404166,298.354,0.000014596
24900,221.55,2550.03,0.0400971,298.388,0.0000145988
24950,221.6,2530.45,0.0397801,298.421,0.0000146016
25000,221.65,2511.02,0.0394658,298.455,0.0000146044
25050,221.7,2491.75,0.039154,298.489,0.0000146072
25100,221.75,2472.63,0.0388448,298.522,0.00001461
25150,221.8,2453.65,0.0385381,298.556,0.0000146128
25200,221.85,2434.83,0.0382338,298.59,0.0000146156
25250,221.9,2416.16,0.0379321,298.623,0.0000146184
25300,221.95,2397.63,0.0376327,298.657,0.0000146212
25350,222,2379.25,0.0373358,298.691,0.000014624
25400,222.05,2361.02,0.0370414,298.724,0.0000146268
25450,222.1,2342.93,0.0367493,298.758,0.0000146296
25500,222.15,2324.98,0.0364595,298.791,0.0000146324
25550,222.2,2307.17,0.0361721,298.825,0.0000146352
25600,222.25,2289.51,0.0358871,298.859,0.000014638
25650,222.3,2271.98,0.0356044,298.892,0.0000146408
25700,222.35,2254.59,0.0353239,298.926,0.0000146436
25750,222.4,2237.34,0.0350457,298.96,0.0000146464
25800,222.45,2220.22,0.0347698,298.993,0.0000146492
25850,222.5,2203.24,0.0344961,299.027,0.000014652
25900,222.55,2186.39,0.0342246,299.06,0.0000146548
25950,222.6,2169.68,0.0339553,299.094,0.0000146576
26000,222.65,2153.09,0.0336882,299.128,0.0000146604
26050,222.7,2136.64,0.0334233,299.161,0.0000146632
26100,222.75,2120.32,0.0331605,299.195,0.000014666
26150,222.8,2104.12,0.0328998,299.228,0.0000146688
26200,222.85,2088.05,0.0326413,299.262,0.0000146716
26250,222.9,2072.11,0.0323848,299.295,0.0000146744
26300,222.95,2056.29,0.0321304,299.329,0.0000146772
26350,223,2040.6,0.031878,299.363,0.00001468
26400,223.05,2025.03,0.0316277,299.396,0.0000146828
26450,223.1,2009.58,0.0313794,299.43,0.0000146856
26500,223.15,1994.26,0.0311331,299.463,0.0000146884
26550,223.2,1979.05,0.0308888,299.497,0.0000146912
26600,223.25,1963.97,0.0306465,299.53,0.000014694
26650,223.3,1949,0.0304061,299.564,0.0000146968
26700,223.35,1934.15,0.0301677,299.597,0.0000146996
26750,223.4,1919.41,0.0299312,299.631,0.0000147024
26800,223.45,1904.8,0.0296966,299.664,0.0000147052
26850,223.5,1890.29,0.0294638,299.698,0.000014708
26900,223.55,1875.9,0.029233,299.732,0.0000147108
26950,223.6,1861.62,0.029004,299.765,0.0000147136
27000,223.65,1847.46,0.0287769,299.799,0.0000147164
27050,223.7,1833.4,0.0285516,299.832,0.0000147192
27100,223.75,1819.46,0.0283281,299.866,0.000014722
27150,223.8,1805.62,0.0281064,299.899,0.0000147247
27200,223.85,1791.89,0.0278865,299.933,0.0000147275
27250,223.9,1778.27,0.0276683,299.966,0.0000147303
27300,223.95,1764.76,0.0274519,300,0.0000147331
27350,224,1751.35,0.0272373,300.033,0.0000147359
27400,224.05,1738.05,0.0270244,300.067,0.0000147387
27450,224.1,1724.85,0.0268131,300.1,0.0000147415
27500,224.15,1711.75,0.0266036,300.133,0.0000147443
27550,224.2,1698.76,0.0263958,300.167,0.0000147471
27600,224.25,1685.87,0.0261896,300.2,0.0000147499
27650,224.3,1673.08,0.0259851,300.234,0.0000147527
27700,224.35,1660.39,0.0257823,300.267,0.0000147555
27750,224.4,1647.79,0.025581,300.301,0.0000147582
27800,224.45,1635.3,0.0253814,300.334,0.000014761
27850,224.5,1622.9,0.0251834,300.368,0.0000147638
27900,224.55,1610.6,0.024987,300.401,0.0000147666
27950,224.6,1598.4,0.0247921,300.435,0.0000147694
28000,224.65,1586.29,0.0245988,300.468,0.0000147722
28050,224.7,1574.28,0.0244071,300.501,0.000014775
28100,224.75,1562.35,0.0242169,300.535,0.0000147778
28150,224.8,1550.53,0.0240282,300.568,0.0000147806
28200,224.85,1538.79,0.023841,300.602,0.0000147833
28250,224.9,1527.15,0.0236553,300.635,0.0000147861
28300,224.95,1515.59,0.0234712,300.669,0.0000147889
28350,225,1504.13,0.0232884,300.702,0.0000147917
28400,225.05,1492.75,0.0231072,300.735,0.0000147945
28450,225.1,1481.47,0.0229274,300.769,0.0000147973
28500,225.15,1470.27,0.022749,300.802,0.0000148001
28550,225.2,1459.16,0.0225721,300.836,0.0000148029
28600,225.25,1448.13,0.0223966,300.869,0.0000148056
28650,225.3,1437.19,0.0222225,300.902,0.0000148084
28700,225.35,1426.34,0.0220498,300.936,0.0000148112
28750,225.4,1415.57,0.0218784,300.969,0.000014814
28800,225.45,1404.89,0.0217084,301.003,0.0000148168
28850,225.5,1394.28,0.0215398,301.036,0.0000148196
28900,225.55,1383.76,0.0213726,301.069,0.0000148223
28950,225.6,1373.32,0.0212066,301.103,0.0000148251
29000,225.65,1362.96,0.021042,301.136,0.0000148279
29050,225.7,1352.69,0.0208787,301.169,0.0000148307
29100,225.75,1342.49,0.0207167,301.203,0.0000148335
29150,225.8,1332.37,0.020556,301.236,0.0000148363
29200,225.85,1322.33,0.0203966,301.269,0.000014839
29250,225.9,1312.37,0.0202385,301.303,0.0000148418
29300,225.95,1302.48,0.0200816,301.336,0.0000148446
29350,226,1292.68,0.0199259,301.369,0.0000148474
29400,226.05,1282.94,0.0197716,301.403,0.0000148502
29450,226.1,1273.29,0.0196184,301.436,0.000014853
29500,226.15,1263.7,0.0194664,301.469,0.0000148557
29550,226.2,1254.2,0.0193157,301.503,0.0000148585
29600,226.25,1244.76,0.0191662,301.536,0.0000148613
29650,226.3,1235.4,0.0190178,301.569,0.0000148641
29700,226.35,1226.11,0.0188707,301.603,0.0000148669
29750,226.4,1216.89,0.0187247,301.636,0.0000148696
29800,226.45,1207.75,0.0185798,301.669,0.0000148724
29850,226.5,1198.67,0.0184362,301.703,0.0000148752
29900,226.55,1189.67,0.0182936,301.736,0.000014878
29950,226.6,1180.73,0.0181522,301.769,0.0000148808
30000,226.65,1171.87,0.0180119,301.803,0.0000148835
30050,226.7,1163.07,0.0178728,301.836,0.0000148863
30100,226.75,1154.34,0.0177347,301.869,0.0000148891
30150,226.8,1145.68,0.0175978,301.902,0.0000148919
30200,226.85,1137.08,0.0174619,301.936,0.0000148946
30250,226.9,1128.55,0.0173271,301.969,0.0000148974
30300,226.95,1120.09,0.0171934,302.002,0.0000149002
30350,227,1111.69,0.0170607,302.036,0.000014903
30400,227.05,1103.36,0.0169291,302.069,0.0000149058
30450,227.1,1095.09,0.0167985,302.102,0.0000149085
30500,227.15,1086.88,0.016669,302.135,0.0000149113
30550,227.2,1078.74,0.0165405,302.169,0.0000149141
30600,227.25,1070.66,0.016413,302.202,0.0000149169
30650,227.3,1062.65,0.0162865,302.235,0.0000149196
30700,227.35,1054.69,0.016161,302.268,0.0000149224
30750,227.4,1046.8,0.0160365,302.301,0.0000149252
30800,227.45,1038.97,0.015913,302.335,0.000014928
30850,227.5,1031.19,0.0157905,302.368,0.0000149307
30900,227.55,1023.48,0.015669,302.401,0.0000149335
30950,227.6,1015.83,0.0155484,302.434,0.0000149363
31000,227.65,1008.23,0.0154288,302.468,0.000014939
31050,227.7,1000.7,0.0153101,302.501,0.0000149418
31100,227.75,993.218,0.0151923,302.534,0.0000149446
31150,227.8,985.797,0.0150755,302.567,0.0000149474
31200,227.85,978.434,0.0149596,302.6,0.0000149501
31250,227.9,971.127,0.0148446,302.634,0.0000149529
31300,227.95,963.876,0.0147306,302.667,0.0000149557
31350,228,956.681,0.0146174,302.7,0.0000149585
31400,228.05,949.541,0.0145051,302.733,0.0000149612
31450,228.1,942.456,0.0143937,302.766,0.000014964
31500,228.15,935.425,0.0142832,302.8,0.0000149668
31550,228.2,928.449,0.0141736,302.833,0.0000149695
31600,228.25,921.526,0.0140648,302.866,0.0000149723
31650,228.3,914.656,0.0139569,302.899,0.0000149751
31700,228.35,907.838,0.0138499,302.932,0.0000149778
31750,228.4,901.073,0.0137437,302.965,0.0000149806
31800,228.45,894.36,0.0136383,302.999,0.0000149834
31850,228.5,887.699,0.0135337,303.032,0.0000149862
31900,228.55,881.088,0.01343,303.065,0.0000149889
31950,228.6,874.528,0.0133271,303.098,0.0000149917
32000,228.65,868.019,0.013225,303.131,0.0000149945
32050,228.79,861.56,0.0131186,303.224,0.0000150022
32100,228.93,855.154,0.0130131,303.317,0.00001501
32150,229.07,848.799,0.0129085,303.409,0.0000150177
32200,229.21,842.495,0.0128048,303.502,0.0000150254
32250,229.35,836.241,0.012702,303.595,0.0000150332
32300,229.49,830.038,0.0126001,303.688,0.0000150409
32350,229.63,823.885,0.012499,303.78,0.0000150487
32400,229.77,817.781,0.0123989,303.873,0.0000150564
32450,229.91,811.725,0.0122996,303.965,0.0000150641
32500,230.05,805.719,0.0122011,304.058,0.0000150719
32550,230.19,799.76,0.0121035,304.15,0.0000150796
32600,230.33,793.849,0.0120068,304.243,0.0000150873
32650,230.47,787.985,0.0119108,304.335,0.000015095
32700,230.61,782.168,0.0118157,304.428,0.0000151028
32750,230.75,776.398,0.0117214,304.52,0.0000151105
32800,230.89,770.674,0.011628,304.612,0.0000151182
32850,231.03,764.995,0.0115353,304.705,0.0000151259
32900,231.17,759.361,0.0114434,304.797,0.0000151336
32950,231.31,753.772,0.0113523,304.889,0.0000151414
33000,231.45,748.228,0.011262,304.982,0.0000151491
33050,231.59,742.728,0.0111724,305.074,0.0000151568
33100,231.73,737.272,0.0110837,305.166,0.0000151645
33150,231.87,731.859,0.0109956,305.258,0.0000151722
33200,232.01,726.489,0.0109084,305.35,0.0000151799
33250,232.15,721.161,0.0108219,305.442,0.0000151876
33300,232.29,715.876,0.0107361,305.535,0.0000151953
33350,232.43,710.632,0.010651,305.627,0.000015203
33400,232.57,705.431,0.0105667,305.719,0.0000152107
33450,232.71,700.27,0.0104831,305.811,0.0000152184
33500,232.85,695.15,0.0104002,305.903,0.0000152261
33550,232.99,690.071,0.010318,305.995,0.0000152338
33600,233.13,685.032,0.0102365,306.086,0.0000152414
33650,233.27,680.032,0.0101557,306.178,0.0000152491
33700,233.41,675.072,0.0100756,306.27,0.0000152568
33750,233.55,670.151,0.00999611,306.362,0.0000152645
33800,233.69,665.269,0.00991734,306.454,0.0000152722
33850,233.83,660.426,0.00983924,306.546,0.0000152799
33900,233.97,655.62,0.00976181,306.637,0.0000152875
33950,234.11,650.852,0.00968502,306.729,0.0000152952
34000,234.25,646.122,0.00960889,306.821,0.0000153029
34050,234.39,641.429,0.0095334,306.913,0.0000153106
34100,234.53,636.773,0.00945855,307.004,0.0000153182
34150,234.67,632.153,0.00938432,307.096,0.0000153259
34200,234.81,627.57,0.00931073,307.187,0.0000153335
34250,234.95,623.023,0.00923776,307.279,0.0000153412
34300,235.09,618.511,0.0091654,307.37,0.0000153489
34350,235.23,614.034,0.00909365,307.462,0.0000153565
34400,235.37,609.593,0.0090225,307.553,0.0000153642
34450,235.51,605.186,0.00895195,307.645,0.0000153718
34500,235.65,600.814,0.008882,307.736,0.0000153795
34550,235.79,596.476,0.00881263,307.828,0.0000153871
34600,235.93,592.172,0.00874385,307.919,0.0000153948
34650,236.07,587.901,0.00867564,308.01,0.0000154024
34700,236.21,583.664,0.008608,308.102,0.0000154101
34750,236.35,579.459,0.00854094,308.193,0.0000154177
34800,236.49,575.288,0.00847443,308.284,0.0000154254
34850,236.63,571.149,0.00840848,308.376,0.000015433
34900,236.77,567.042,0.00834308,308.467,0.0000154406
34950,236.91,562.967,0.00827823,308.558,0.0000154483
35000,237.05,558.924,0.00821392,308.649,0.0000154559
35050,237.19,554.912,0.00815015,308.74,0.0000154635
35100,237.33,550.931,0.00808691,308.831,0.0000154712
35150,237.47,546.981,0.0080242,308.922,0.0000154788
35200,237.61,543.062,0.00796201,309.013,0.0000154864
35250,237.75,539.173,0.00790034,309.104,0.000015494
35300,237.89,535.314,0.00783918,309.195,0.0000155017
35350,238.03,531.485,0.00777853,309.286,0.0000155093
35400,238.17,527.686,0.00771839,309.377,0.0000155169
35450,238.31,523.916,0.00765874,309.468,0.0000155245
35500,238.45,520.175,0.00759959,309.559,0.0000155321
35550,238.59,516.463,0.00754094,309.65,0.0000155397
35600,238.73,512.78,0.00748277,309.741,0.0000155474
35650,238.87,509.125,0.00742508,309.832,0.000015555
35700,239.01,505.498,0.00736787,309.922,0.0000155626
35750,239.15,501.9,0.00731113,310.013,0.0000155702
35800,239.29,498.329,0.00725486,310.104,0.0000155778
35850,239.43,494.785,0.00719906,310.195,0.0000155854
35900,239.57,491.269,0.00714372,310.285,0.000015593
35950,239.71,487.779,0.00708884,310.376,0.0000156006
36000,239.85,484.317,0.00703441,310.467,0.0000156082
36050,239.99,480.881,0.00698043,310.557,0.0000156158
36100,240.13,477.471,0.0069269,310.648,0.0000156233
36150,240.27,474.088,0.00687381,310.738,0.0000156309
36200,240.41,470.73,0.00682115,310.829,0.0000156385
36250,240.55,467.398,0.00676893,310.919,0.0000156461
36300,240.69,464.092,0.00671714,311.01,0.0000156537
36350,240.83,460.811,0.00666577,311.1,0.0000156613
36400,240.97,457.555,0.00661483,311.191,0.0000156688
36450,241.11,454.324,0.0065643,311.281,0.0000156764
36500,241.25,451.118,0.00651419,311.371,0.000015684
36550,241.39,447.936,0.00646449,311.462,0.0000156916
36600,241.53,444.778,0.0064152,311.552,0.0000156991
36650,241.67,441.645,0.00636632,311.642,0.0000157067
36700,241.81,438.535,0.00631783,311.733,0.0000157143
36750,241.95,435.449,0.00626974,311.823,0.0000157218
36800,242.09,432.386,0.00622205,311.913,0.0000157294
36850,242.23,429.347,0.00617474,312.003,0.000015737
36900,242.37,426.331,0.00612782,312.093,0.0000157445
36950,242.51,423.338,0.00608128,312.183,0.0000157521
37000,242.65,420.367,0.00603513,312.274,0.0000157596
37050,242.79,417.419,0.00598935,312.364,0.0000157672
37100,242.93,414.494,0.00594394,312.454,0.0000157748
37150,243.07,411.59,0.00589891,312.544,0.0000157823
37200,243.21,408.709,0.00585424,312.634,0.0000157898
37250,243.35,405.849,0.00580993,312.724,0.0000157974
37300,243.49,403.011,0.00576599,312.814,0.0000158049
37350,243.63,400.194,0.0057224,312.904,0.0000158125
37400,243.77,397.399,0.00567917,312.993,0.00001582
37450,243.91,394.625,0.00563629,313.083,0.0000158276
37500,244.05,391.872,0.00559375,313.173,0.0000158351
37550,244.19,389.139,0.00555156,313.263,0.0000158426
37600,244.33,386.427,0.00550972,313.353,0.0000158502
37650,244.47,383.736,0.00546821,313.442,0.0000158577
37700,244.61,381.065,0.00542704,313.532,0.0000158652
37750,244.75,378.414,0.0053862,313.622,0.0000158728
37800,244.89,375.783,0.00534569,313.712,0.0000158803
37850,245.03,373.172,0.00530551,313.801,0.0000158878
37900,245.17,370.58,0.00526566,313.891,0.0000158953
37950,245.31,368.008,0.00522612,313.981,0.0000159029
38000,245.45,365.455,0.00518691,314.07,0.0000159104
38050,245.59,362.921,0.00514801,314.16,0.0000159179
38100,245.73,360.406,0.00510943,314.249,0.0000159254
38150,245.87,357.91,0.00507115,314.339,0.0000159329
38200,246.01,355.433,0.00503319,314.428,0.0000159404
38250,246.15,352.974,0.00499553,314.518,0.0000159479
38300,246.29,350.534,0.00495817,314.607,0.0000159554
38350,246.43,348.112,0.00492112,314.696,0.0000159629
38400,246.57,345.708,0.00488436,314.786,0.0000159704
38450,246.71,343.322,0.00484789,314.875,0.0000159779
38500,246.85,340.954,0.00481172,314.965,0.0000159854
38550,246.99,338.603,0.00477584,315.054,0.0000159929
38600,247.13,336.27,0.00474025,315.143,0.0000160004
38650,247.27,333.955,0.00470494,315.232,0.0000160079
38700,247.41,331.656,0.00466992,315.322,0.0000160154
38750,247.55,329.375,0.00463517,315.411,0.0000160229
38800,247.69,327.111,0.00460071,315.5,0.0000160304
38850,247.83,324.863,0.00456651,315.589,0.0000160379
38900,247.97,322.632,0.0045326,315.678,0.0000160454
38950,248.11,320.418,0.00449895,315.767,0.0000160529
39000,248.25,318.22,0.00446557,315.856,0.0000160603
39050,248.39,316.039,0.00443246,315.945,0.0000160678
39100,248.53,313.874,0.00439961,316.034,0.0000160753
39150,248.67,311.724,0.00436702,316.123,0.0000160828
39200,248.81,309.591,0.0043347,316.212,0.0000160902
39250,248.95,307.473,0.00430263,316.301,0.0000160977
39300,249.09,305.372,0.00427081,316.39,0.0000161052
39350,249.23,303.285,0.00423925,316.479,0.0000161127
39400,249.37,301.214,0.00420794,316.568,0.0000161201
39450,249.51,299.159,0.00417688,316.657,0.0000161276
39500,249.65,297.118,0.00414606,316.746,0.000016135
39550,249.79,295.093,0.00411549,316.835,0.0000161425
39600,249.93,293.082,0.00408516,316.923,0.00001615
39650,250.07,291.086,0.00405507,317.012,0.0000161574
39700,250.21,289.105,0.00402522,317.101,0.0000161649
39750,250.35,287.139,0.00399561,317.19,0.0000161723
39800,250.49,285.187,0.00396623,317.278,0.0000161798
39850,250.63,283.249,0.00393708,317.367,0.0000161872
39900,250.77,281.326,0.00390816,317.455,0.0000161947
39950,250.91,279.417,0.00387947,317.544,0.0000162021
40000,251.05,277.522,0.00385101,317.633,0.0000162096
40050,251.19,275.64,0.00382277,317.721,0.000016217
40100,251.33,273.773,0.00379476,317.81,0.0000162245
40150,251.47,271.919,0.00376696,317.898,0.0000162319
40200,251.61,270.079,0.00373939,317.987,0.0000162393
40250,251.75,268.252,0.00371203,318.075,0.0000162468
40300,251.89,266.438,0.00368488,318.164,0.0000162542
40350,252.03,264.638,0.00365795,318.252,0.0000162616
40400,252.17,262.851,0.00363123,318.34,0.0000162691
40450,252.31,261.077,0.00360473,318.429,0.0000162765
40500,252.45,259.316,0.00357842,318.517,0.0000162839
40550,252.59,257.568,0.00355233,318.605,0.0000162913
40600,252.73,255.832,0.00352644,318.694,0.0000162988
40650,252.87,254.109,0.00350075,318.782,0.0000163062
40700,253.01,252.399,0.00347527,318.87,0.0000163136
40750,253.15,250.701,0.00344998,318.958,0.000016321
40800,253.29,249.016,0.00342489,319.047,0.0000163284
40850,253.43,247.343,0.0034,319.135,0.0000163358
40900,253.57,245.682,0.0033753,319.223,0.0000163433
40950,253.71,244.033,0.0033508,319.311,0.0000163507
41000,253.85,242.395,0.00332648,319.399,0.0000163581
41050,253.99,240.77,0.00330236,319.487,0.0000163655
41100,254.13,239.157,0.00327842,319.575,0.0000163729
41150,254.27,237.555,0.00325468,319.663,0.0000163803
41200,254.41,235.965,0.00323111,319.751,0.0000163877
41250,254.55,234.387,0.00320773,319.839,0.0000163951
41300,254.69,232.819,0.00318453,319.927,0.0000164025
41350,254.83,231.264,0.00316151,320.015,0.0000164099
41400,254.97,229.719,0.00313867,320.103,0.0000164173
41450,255.11,228.186,0.00311601,320.191,0.0000164247
